Year,State,Total Population,Poverty,Median Age,Unemployed Civilians,Median Household Income,Per Capita Income,% in Poverty,% in Unemployed
2009,Alabama,4633360.0,757833.0,37.2,0.0,41216.0,22732.0,16.36,0.0
2009,Alaska,683142.0,64038.0,32.7,0.0,64635.0,29382.0,9.37,0.0
2009,Arizona,6324865.0,914040.0,34.8,0.0,50296.0,25203.0,14.45,0.0
2009,Arkansas,2838143.0,488788.0,36.9,0.0,38542.0,20977.0,17.22,0.0
2009,California,36308527.0,4694423.0,34.6,0.0,60392.0,29020.0,12.93,0.0
2009,Colorado,4843211.0,563574.0,35.5,0.0,56222.0,29679.0,11.64,0.0
2009,Connecticut,3494487.0,295608.0,39.0,0.0,67721.0,36468.0,8.46,0.0
2009,Delaware,863832.0,88505.0,37.8,0.0,57618.0,28935.0,10.25,0.0
2009,Florida,18222420.0,2346946.0,39.7,0.0,47450.0,26503.0,12.88,0.0
2009,Georgia,9497667.0,1384518.0,34.5,0.0,49466.0,25098.0,14.58,0.0
2009,Hawaii,1280241.0,117745.0,37.5,0.0,64661.0,28662.0,9.2,0.0
2009,Idaho,1492573.0,196121.0,34.0,0.0,46183.0,22262.0,13.14,0.0
2009,Illinois,12785043.0,1549172.0,35.9,0.0,55222.0,28469.0,12.12,0.0
2009,Indiana,6342469.0,810520.0,36.4,0.0,47465.0,24044.0,12.78,0.0
2009,Iowa,2978880.0,326922.0,37.9,0.0,48052.0,25060.0,10.97,0.0
2009,Kansas,2777835.0,328843.0,35.9,0.0,48394.0,25522.0,11.84,0.0
2009,Kentucky,4252000.0,719746.0,37.3,0.0,41197.0,22284.0,16.93,0.0
2009,Louisiana,4411546.0,789634.0,35.5,0.0,42167.0,22535.0,17.9,0.0
2009,Maine,1316380.0,161582.0,41.4,0.0,46541.0,24980.0,12.27,0.0
2009,Maryland,5637418.0,449770.0,37.3,0.0,69475.0,34236.0,7.98,0.0
2009,Massachusetts,6511176.0,633667.0,38.5,0.0,64496.0,33460.0,9.73,0.0
2009,Michigan,10039208.0,1417380.0,37.7,0.0,48700.0,25172.0,14.12,0.0
2009,Minnesota,5188581.0,506233.0,37.0,0.0,57007.0,29431.0,9.76,0.0
2009,Mississippi,2922240.0,604204.0,35.0,0.0,36796.0,19534.0,20.68,0.0
2009,Missouri,5904382.0,784278.0,37.3,0.0,46005.0,24423.0,13.28,0.0
2009,Montana,956257.0,136969.0,39.0,0.0,43089.0,22881.0,14.32,0.0
2009,Nebraska,1772124.0,201851.0,35.9,0.0,47995.0,24568.0,11.39,0.0
2009,Nevada,2545763.0,278516.0,35.3,0.0,55585.0,27395.0,10.94,0.0
2009,New Hampshire,1315419.0,98780.0,39.6,0.0,63033.0,30640.0,7.51,0.0
2009,New Jersey,8650548.0,745925.0,38.3,0.0,68981.0,34566.0,8.62,0.0
2009,New Mexico,1964860.0,347165.0,35.5,0.0,42742.0,22461.0,17.67,0.0
2009,New York,19423896.0,2615897.0,37.7,0.0,55233.0,30634.0,13.47,0.0
2009,North Carolina,9045705.0,1320816.0,36.6,0.0,45069.0,24547.0,14.6,0.0
2009,North Dakota,639725.0,75114.0,36.6,0.0,45140.0,24978.0,11.74,0.0
2009,Ohio,11511858.0,1526350.0,37.9,0.0,47144.0,24830.0,13.26,0.0
2009,Oklahoma,3610073.0,572111.0,35.9,0.0,41861.0,22561.0,15.85,0.0
2009,Oregon,3727407.0,496433.0,37.7,0.0,49033.0,25893.0,13.32,0.0
2009,Pennsylvania,12516596.0,1462191.0,39.6,0.0,49737.0,26678.0,11.68,0.0
2009,Rhode Island,1057381.0,118618.0,38.6,0.0,55569.0,28638.0,11.22,0.0
2009,South Carolina,4416867.0,676555.0,37.2,0.0,43572.0,23196.0,15.32,0.0
2009,South Dakota,796513.0,103752.0,37.0,0.0,44828.0,23445.0,13.03,0.0
2009,Tennessee,6158953.0,967189.0,37.3,0.0,42943.0,23557.0,15.7,0.0
2009,Texas,23819042.0,3892532.0,33.0,0.0,48199.0,24318.0,16.34,0.0
2009,Utah,2651816.0,271944.0,28.5,0.0,55642.0,22684.0,10.26,0.0
2009,Vermont,620414.0,65749.0,40.6,0.0,51284.0,27036.0,10.6,0.0
2009,Virginia,7721730.0,752446.0,36.7,0.0,60316.0,31606.0,9.74,0.0
2009,Washington,6465755.0,749120.0,36.8,0.0,56384.0,29320.0,11.59,0.0
2009,West Virginia,1811403.0,310368.0,40.4,0.0,37356.0,20891.0,17.13,0.0
2009,Wisconsin,5599420.0,605566.0,37.8,0.0,51569.0,26447.0,10.81,0.0
2009,Wyoming,523949.0,49051.0,36.7,0.0,51990.0,26925.0,9.36,0.0
2010,Alabama,4712651.0,786544.0,37.5,0.0,42081.0,22984.0,16.69,0.0
2010,Alaska,691189.0,64245.0,33.8,0.0,66521.0,30726.0,9.29,0.0
2010,Arizona,6246816.0,933113.0,35.5,0.0,50448.0,25680.0,14.94,0.0
2010,Arkansas,2872684.0,502684.0,37.2,0.0,39267.0,21274.0,17.5,0.0
2010,California,36637290.0,4919945.0,34.9,0.0,60883.0,29188.0,13.43,0.0
2010,Colorado,4887061.0,584184.0,35.8,0.0,56456.0,30151.0,11.95,0.0
2010,Connecticut,3545837.0,314306.0,39.5,0.0,67740.0,36775.0,8.86,0.0
2010,Delaware,881278.0,93857.0,38.3,0.0,57599.0,29007.0,10.65,0.0
2010,Florida,18511620.0,2502365.0,40.3,0.0,47661.0,26551.0,13.52,0.0
2010,Georgia,9468815.0,1445752.0,35.0,0.0,49347.0,25134.0,15.27,0.0
2010,Hawaii,1333591.0,124627.0,38.2,0.0,66420.0,28882.0,9.35,0.0
2010,Idaho,1526797.0,203177.0,34.4,0.0,46423.0,22518.0,13.31,0.0
2010,Illinois,12745359.0,1572048.0,36.2,0.0,55735.0,28782.0,12.33,0.0
2010,Indiana,6417398.0,842540.0,36.6,0.0,47697.0,24058.0,13.13,0.0
2010,Iowa,3016267.0,338263.0,38.0,0.0,48872.0,25335.0,11.21,0.0
2010,Kansas,2809329.0,338792.0,36.1,0.0,49424.0,25907.0,12.06,0.0
2010,Kentucky,4285828.0,735782.0,37.7,0.0,41576.0,22515.0,17.17,0.0
2010,Louisiana,4429940.0,780359.0,35.9,0.0,43445.0,23094.0,17.62,0.0
2010,Maine,1327665.0,162358.0,42.0,0.0,46933.0,25385.0,12.23,0.0
2010,Maryland,5696423.0,476732.0,37.6,0.0,70647.0,34849.0,8.37,0.0
2010,Massachusetts,6477096.0,658391.0,38.7,0.0,64509.0,33966.0,10.16,0.0
2010,Michigan,9952687.0,1444004.0,38.1,0.0,48432.0,25135.0,14.51,0.0
2010,Minnesota,5241914.0,542133.0,37.1,0.0,57243.0,29582.0,10.34,0.0
2010,Mississippi,2941991.0,604272.0,35.8,0.0,37881.0,19977.0,20.54,0.0
2010,Missouri,5922314.0,802596.0,37.6,0.0,46262.0,24724.0,13.55,0.0
2010,Montana,973739.0,138109.0,39.7,0.0,43872.0,23836.0,14.18,0.0
2010,Nebraska,1799125.0,206227.0,36.2,0.0,49342.0,25229.0,11.46,0.0
2010,Nevada,2633331.0,308426.0,35.9,0.0,55726.0,27589.0,11.71,0.0
2010,New Hampshire,1313939.0,99527.0,40.3,0.0,63277.0,31422.0,7.57,0.0
2010,New Jersey,8721577.0,777968.0,38.5,0.0,69811.0,34858.0,8.92,0.0
2010,New Mexico,2013122.0,361771.0,36.4,0.0,43820.0,22966.0,17.97,0.0
2010,New York,19229752.0,2650166.0,37.7,0.0,55603.0,30948.0,13.78,0.0
2010,North Carolina,9271178.0,1399945.0,37.1,0.0,45570.0,24745.0,15.1,0.0
2010,North Dakota,659858.0,78405.0,37.2,0.0,46781.0,25803.0,11.88,0.0
2010,Ohio,11512431.0,1586292.0,38.3,0.0,47358.0,25113.0,13.78,0.0
2010,Oklahoma,3675339.0,577247.0,36.3,0.0,42979.0,23094.0,15.71,0.0
2010,Oregon,3761925.0,516271.0,38.1,0.0,49260.0,26171.0,13.72,0.0
2010,Pennsylvania,12612705.0,1509858.0,39.8,0.0,50398.0,27049.0,11.97,0.0
2010,Rhode Island,1056389.0,123396.0,38.9,0.0,54902.0,28707.0,11.68,0.0
2010,South Carolina,4511428.0,716537.0,37.4,0.0,43939.0,23443.0,15.88,0.0
2010,South Dakota,799462.0,105819.0,37.2,0.0,46369.0,24110.0,13.24,0.0
2010,Tennessee,6234968.0,1002467.0,37.6,0.0,43314.0,23722.0,16.08,0.0
2010,Texas,24311891.0,3972054.0,33.4,0.0,49646.0,24870.0,16.34,0.0
2010,Utah,2657236.0,283536.0,28.8,0.0,56330.0,23139.0,10.67,0.0
2010,Vermont,624258.0,66726.0,41.0,0.0,51841.0,27478.0,10.69,0.0
2010,Virginia,7841754.0,781516.0,37.2,0.0,61406.0,32145.0,9.97,0.0
2010,Washington,6561297.0,780009.0,37.0,0.0,57244.0,29733.0,11.89,0.0
2010,West Virginia,1840802.0,310495.0,41.1,0.0,38380.0,21232.0,16.87,0.0
2010,Wisconsin,5637947.0,637613.0,38.1,0.0,51598.0,26624.0,11.31,0.0
2010,Wyoming,545579.0,52297.0,37.0,0.0,53802.0,27860.0,9.59,0.0
2011,Alabama,4747424.0,813385.0,37.7,215543.0,42934.0,23483.0,17.13,4.54
2011,Alaska,700703.0,65111.0,33.8,30932.0,69014.0,31944.0,9.29,4.41
2011,Arizona,6337373.0,1003575.0,35.7,268363.0,50752.0,25784.0,15.84,4.23
2011,Arkansas,2895928.0,516822.0,37.3,114100.0,40149.0,21833.0,17.85,3.94
2011,California,36969200.0,5211481.0,35.1,1868871.0,61632.0,29634.0,14.1,5.06
2011,Colorado,4966061.0,607727.0,35.9,203279.0,57685.0,30816.0,12.24,4.09
2011,Connecticut,3558172.0,326771.0,39.8,163634.0,69243.0,37627.0,9.18,4.6
2011,Delaware,890856.0,96805.0,38.6,35231.0,59317.0,29659.0,10.87,3.95
2011,Florida,18688787.0,2679400.0,40.5,948078.0,47827.0,26733.0,14.34,5.07
2011,Georgia,9600612.0,1541462.0,35.2,469316.0,49736.0,25383.0,16.06,4.89
2011,Hawaii,1346554.0,134387.0,38.4,43274.0,67116.0,29203.0,9.98,3.21
2011,Idaho,1549987.0,216734.0,34.5,59871.0,46890.0,22788.0,13.98,3.86
2011,Illinois,12790182.0,1640428.0,36.4,622727.0,56576.0,29376.0,12.83,4.87
2011,Indiana,6454254.0,885150.0,36.8,294244.0,48393.0,24497.0,13.71,4.56
2011,Iowa,3032266.0,347536.0,38.0,90571.0,50451.0,26110.0,11.46,2.99
2011,Kansas,2830985.0,347184.0,36.1,95489.0,50594.0,26545.0,12.26,3.37
2011,Kentucky,4316040.0,756947.0,37.8,182507.0,42248.0,23033.0,17.54,4.23
2011,Louisiana,4484596.0,800705.0,35.9,172040.0,44086.0,23853.0,17.85,3.84
2011,Maine,1328543.0,165146.0,42.4,50266.0,47898.0,26195.0,12.43,3.78
2011,Maryland,5736545.0,502610.0,37.8,227600.0,72419.0,35751.0,8.76,3.97
2011,Massachusetts,6512227.0,673467.0,38.9,287476.0,65981.0,35051.0,10.34,4.41
2011,Michigan,9920621.0,1518458.0,38.5,601515.0,48669.0,25482.0,15.31,6.06
2011,Minnesota,5278190.0,565154.0,37.3,201649.0,58476.0,30310.0,10.71,3.82
2011,Mississippi,2956700.0,617805.0,35.9,134828.0,38718.0,20521.0,20.9,4.56
2011,Missouri,5955802.0,828615.0,37.7,244812.0,47202.0,25371.0,13.91,4.11
2011,Montana,982854.0,139904.0,39.8,32646.0,45324.0,24640.0,14.23,3.32
2011,Nebraska,1813061.0,211752.0,36.3,54055.0,50695.0,26113.0,11.68,2.98
2011,Nevada,2673396.0,340903.0,36.1,145293.0,55553.0,27625.0,12.75,5.43
2011,New Hampshire,1315911.0,101634.0,40.7,46668.0,64664.0,32357.0,7.72,3.55
2011,New Jersey,8753064.0,805170.0,38.7,402751.0,71180.0,35678.0,9.2,4.6
2011,New Mexico,2037136.0,378301.0,36.5,78901.0,44631.0,23537.0,18.57,3.87
2011,New York,19302448.0,2722107.0,37.8,803436.0,56951.0,31796.0,14.1,4.16
2011,North Carolina,9418736.0,1473556.0,37.3,455742.0,46291.0,25256.0,15.64,4.84
2011,North Dakota,666783.0,78888.0,37.1,12772.0,49415.0,27305.0,11.83,1.92
2011,Ohio,11525536.0,1654193.0,38.5,545888.0,48071.0,25618.0,14.35,4.74
2011,Oklahoma,3714520.0,586046.0,36.3,116866.0,44287.0,23770.0,15.78,3.15
2011,Oregon,3801991.0,550372.0,38.2,191276.0,49850.0,26561.0,14.48,5.03
2011,Pennsylvania,12660739.0,1548869.0,39.9,508654.0,51651.0,27824.0,12.23,4.02
2011,Rhode Island,1053959.0,129454.0,39.1,50461.0,55975.0,29685.0,12.28,4.79
2011,South Carolina,4575864.0,753705.0,37.7,227214.0,44587.0,23854.0,16.47,4.97
2011,South Dakota,807697.0,107337.0,37.1,20958.0,48010.0,24925.0,13.29,2.59
2011,Tennessee,6297991.0,1036199.0,37.8,287097.0,43989.0,24197.0,16.45,4.56
2011,Texas,24774187.0,4120101.0,33.5,890438.0,50920.0,25548.0,16.63,3.59
2011,Utah,2715379.0,304125.0,29.1,87453.0,57783.0,23650.0,11.2,3.22
2011,Vermont,624958.0,67761.0,41.4,22141.0,53422.0,28376.0,10.84,3.54
2011,Virginia,7926192.0,818422.0,37.3,265331.0,63302.0,33040.0,10.33,3.35
2011,Washington,6652845.0,816509.0,37.1,286062.0,58890.0,30481.0,12.27,4.3
2011,West Virginia,1846372.0,313363.0,41.1,62164.0,39550.0,22010.0,16.97,3.37
2011,Wisconsin,5664893.0,661655.0,38.3,219865.0,52374.0,27192.0,11.68,3.88
2011,Wyoming,554697.0,54900.0,36.9,14173.0,56380.0,28952.0,9.9,2.56
2012,Alabama,4777326.0,842292.0,37.8,230778.0,43160.0,23587.0,17.63,4.83
2012,Alaska,711139.0,66631.0,33.8,31369.0,69917.0,32537.0,9.37,4.41
2012,Arizona,6410979.0,1074986.0,36.0,296132.0,50256.0,25571.0,16.77,4.62
2012,Arkansas,2916372.0,530309.0,37.4,117354.0,40531.0,22007.0,18.18,4.02
2012,California,37325068.0,5590100.0,35.2,2059444.0,61400.0,29551.0,14.98,5.52
2012,Colorado,5042853.0,633878.0,36.1,218419.0,58244.0,31039.0,12.57,4.33
2012,Connecticut,3572213.0,344616.0,40.0,177706.0,69519.0,37807.0,9.65,4.97
2012,Delaware,900131.0,100655.0,38.7,38591.0,60119.0,29733.0,11.18,4.29
2012,Florida,18885152.0,2887151.0,40.8,1049899.0,47309.0,26451.0,15.29,5.56
2012,Georgia,9714569.0,1645272.0,35.4,511530.0,49604.0,25309.0,16.94,5.27
2012,Hawaii,1362730.0,143001.0,38.4,46224.0,67492.0,29227.0,10.49,3.39
2012,Idaho,1567803.0,231604.0,34.7,65289.0,47015.0,22581.0,14.77,4.16
2012,Illinois,12823860.0,1710465.0,36.6,663891.0,56853.0,29519.0,13.34,5.18
2012,Indiana,6485530.0,927123.0,37.0,309363.0,48374.0,24558.0,14.3,4.77
2012,Iowa,3047646.0,360670.0,38.0,91676.0,51129.0,26545.0,11.83,3.01
2012,Kansas,2851183.0,365656.0,36.0,100505.0,51273.0,26845.0,12.82,3.53
2012,Kentucky,4340167.0,781485.0,38.0,194610.0,42610.0,23210.0,18.01,4.48
2012,Louisiana,4529605.0,821224.0,35.9,182864.0,44673.0,24264.0,18.13,4.04
2012,Maine,1329084.0,171644.0,42.8,52318.0,48219.0,26464.0,12.91,3.94
2012,Maryland,5785496.0,532116.0,37.9,246720.0,72999.0,36056.0,9.2,4.26
2012,Massachusetts,6560595.0,698286.0,39.1,305515.0,66658.0,35485.0,10.64,4.66
2012,Michigan,9897264.0,1582022.0,38.8,614849.0,48471.0,25547.0,15.98,6.21
2012,Minnesota,5313081.0,582335.0,37.4,207462.0,59126.0,30656.0,10.96,3.9
2012,Mississippi,2967620.0,640132.0,36.0,143126.0,38882.0,20670.0,21.57,4.82
2012,Missouri,5982413.0,869036.0,37.9,259574.0,47333.0,25546.0,14.53,4.34
2012,Montana,990785.0,143119.0,39.9,35541.0,45456.0,25002.0,14.45,3.59
2012,Nebraska,1827306.0,220244.0,36.3,55912.0,51381.0,26523.0,12.05,3.06
2012,Nevada,2704204.0,379197.0,36.3,166416.0,54083.0,27003.0,14.02,6.15
2012,New Hampshire,1317474.0,107800.0,41.1,48926.0,64925.0,32758.0,8.18,3.71
2012,New Jersey,8793888.0,850559.0,38.9,443328.0,71637.0,35928.0,9.67,5.04
2012,New Mexico,2055287.0,393139.0,36.6,88267.0,44886.0,23749.0,19.13,4.29
2012,New York,19398125.0,2814409.0,38.0,869729.0,57683.0,32104.0,14.51,4.48
2012,North Carolina,9544249.0,1563464.0,37.4,497589.0,46450.0,25285.0,16.38,5.21
2012,North Dakota,676253.0,78930.0,36.9,12709.0,51641.0,28700.0,11.67,1.88
2012,Ohio,11533561.0,1723485.0,38.8,569218.0,48246.0,25857.0,14.94,4.94
2012,Oklahoma,3749005.0,602598.0,36.3,122629.0,44891.0,24046.0,16.07,3.27
2012,Oregon,3836628.0,584059.0,38.4,210379.0,50036.0,26702.0,15.22,5.48
2012,Pennsylvania,12699589.0,1604464.0,40.1,548580.0,52267.0,28190.0,12.63,4.32
2012,Rhode Island,1052471.0,133462.0,39.4,53904.0,56102.0,30005.0,12.68,5.12
2012,South Carolina,4630351.0,787788.0,37.9,248835.0,44623.0,23906.0,17.01,5.37
2012,South Dakota,815871.0,108319.0,37.1,21687.0,49091.0,25570.0,13.28,2.66
2012,Tennessee,6353226.0,1069017.0,38.0,304598.0,44140.0,24294.0,16.83,4.79
2012,Texas,25208897.0,4270218.0,33.6,960408.0,51563.0,25809.0,16.94,3.81
2012,Utah,2766233.0,329564.0,29.3,96504.0,58164.0,23794.0,11.91,3.49
2012,Vermont,625498.0,69411.0,41.7,22911.0,54168.0,28846.0,11.1,3.66
2012,Virginia,8014955.0,859032.0,37.4,286994.0,63636.0,33326.0,10.72,3.58
2012,Washington,6738714.0,853960.0,37.2,309049.0,59374.0,30661.0,12.67,4.59
2012,West Virginia,1850481.0,316526.0,41.3,65115.0,40400.0,22482.0,17.11,3.52
2012,Wisconsin,5687219.0,690832.0,38.5,230456.0,52627.0,27426.0,12.15,4.05
2012,Wyoming,562803.0,60636.0,36.9,15537.0,56573.0,28858.0,10.77,2.76
2013,Alabama,4799277.0,870631.0,38.1,241930.0,43253.0,23680.0,18.14,5.04
2013,Alaska,720316.0,69514.0,33.6,32939.0,70760.0,32651.0,9.65,4.57
2013,Arizona,6479703.0,1131901.0,36.3,316360.0,49774.0,25358.0,17.47,4.88
2013,Arkansas,2933369.0,547328.0,37.5,121235.0,40768.0,22170.0,18.66,4.13
2013,California,37659181.0,5885417.0,35.4,2168665.0,61094.0,29527.0,15.63,5.76
2013,Colorado,5119329.0,660874.0,36.1,231741.0,58433.0,31109.0,12.91,4.53
2013,Connecticut,3583561.0,354348.0,40.2,190709.0,69461.0,37892.0,9.89,5.32
2013,Delaware,908446.0,103633.0,38.9,41207.0,59878.0,29819.0,11.41,4.54
2013,Florida,19091156.0,3052807.0,41.0,1096028.0,46956.0,26236.0,15.99,5.74
2013,Georgia,9810417.0,1736680.0,35.6,544802.0,49179.0,25182.0,17.7,5.55
2013,Hawaii,1376298.0,149531.0,38.3,48748.0,67402.0,29305.0,10.86,3.54
2013,Idaho,1583364.0,240298.0,34.9,67189.0,46767.0,22568.0,15.18,4.24
2013,Illinois,12848554.0,1772333.0,36.8,700616.0,56797.0,29666.0,13.79,5.45
2013,Indiana,6514861.0,969881.0,37.1,315476.0,48248.0,24635.0,14.89,4.84
2013,Iowa,3062553.0,367414.0,38.1,94913.0,51843.0,27027.0,12.0,3.1
2013,Kansas,2868107.0,382820.0,36.0,104341.0,51332.0,26929.0,13.35,3.64
2013,Kentucky,4361333.0,796202.0,38.2,201987.0,43036.0,23462.0,18.26,4.63
2013,Louisiana,4567968.0,846780.0,36.0,192166.0,44874.0,24442.0,18.54,4.21
2013,Maine,1328320.0,175624.0,43.2,53866.0,48453.0,26824.0,13.22,4.06
2013,Maryland,5834299.0,558329.0,38.0,260567.0,73538.0,36354.0,9.57,4.47
2013,Massachusetts,6605058.0,725351.0,39.2,322730.0,66866.0,35763.0,10.98,4.89
2013,Michigan,9886095.0,1625982.0,39.1,616469.0,48411.0,25681.0,16.45,6.24
2013,Minnesota,5347740.0,598391.0,37.6,210815.0,59836.0,30913.0,11.19,3.94
2013,Mississippi,2976872.0,653321.0,36.2,149148.0,39031.0,20618.0,21.95,5.01
2013,Missouri,6007182.0,900929.0,38.0,267644.0,47380.0,25649.0,15.0,4.46
2013,Montana,998554.0,148528.0,39.9,37702.0,46230.0,25373.0,14.87,3.78
2013,Nebraska,1841625.0,228789.0,36.3,57525.0,51672.0,26899.0,12.42,3.12
2013,Nevada,2730066.0,403314.0,36.6,175142.0,52800.0,26589.0,14.77,6.42
2013,New Hampshire,1319171.0,110859.0,41.5,51670.0,64916.0,33134.0,8.4,3.92
2013,New Jersey,8832406.0,900583.0,39.1,472094.0,71629.0,36027.0,10.2,5.35
2013,New Mexico,2069706.0,413801.0,36.7,94111.0,44927.0,23763.0,19.99,4.55
2013,New York,19487053.0,2903982.0,38.1,921607.0,58003.0,32382.0,14.9,4.73
2013,North Carolina,9651380.0,1643389.0,37.6,527430.0,46334.0,25284.0,17.03,5.46
2013,North Dakota,689781.0,79433.0,36.4,12617.0,53741.0,29732.0,11.52,1.83
2013,Ohio,11549590.0,1773853.0,39.0,582953.0,48308.0,26046.0,15.36,5.05
2013,Oklahoma,3785742.0,618683.0,36.2,127842.0,45339.0,24208.0,16.34,3.38
2013,Oregon,3868721.0,614778.0,38.7,221191.0,50229.0,26809.0,15.89,5.72
2013,Pennsylvania,12731381.0,1638820.0,40.3,581533.0,52548.0,28502.0,12.87,4.57
2013,Rhode Island,1051695.0,137244.0,39.6,56125.0,56361.0,30469.0,13.05,5.34
2013,South Carolina,4679602.0,820308.0,38.1,258444.0,44779.0,23943.0,17.53,5.52
2013,South Dakota,825198.0,112086.0,36.9,22250.0,49495.0,25740.0,13.58,2.7
2013,Tennessee,6402387.0,1101732.0,38.2,316682.0,44298.0,24409.0,17.21,4.95
2013,Texas,25639373.0,4416829.0,33.8,1020132.0,51900.0,26019.0,17.23,3.98
2013,Utah,2813673.0,350205.0,29.6,101449.0,58821.0,23873.0,12.45,3.61
2013,Vermont,625904.0,70873.0,42.0,23546.0,54267.0,29167.0,11.32,3.76
2013,Virginia,8100653.0,887595.0,37.5,303129.0,63907.0,33493.0,10.96,3.74
2013,Washington,6819579.0,893211.0,37.3,327155.0,59478.0,30742.0,13.1,4.8
2013,West Virginia,1853619.0,321546.0,41.5,69351.0,41043.0,22966.0,17.35,3.74
2013,Wisconsin,5706871.0,723730.0,38.7,239464.0,52413.0,27523.0,12.68,4.2
2013,Wyoming,570134.0,63743.0,36.8,16760.0,57406.0,28902.0,11.18,2.94
2014,Alabama,4817678.0,889710.0,38.2,228716.0,43511.0,23936.0,18.47,4.75
2014,Alaska,728300.0,71866.0,33.4,32097.0,71829.0,33129.0,9.87,4.41
2014,Arizona,6561516.0,1169309.0,36.5,304067.0,49928.0,25537.0,17.82,4.63
2014,Arkansas,2947036.0,549303.0,37.6,115090.0,41264.0,22595.0,18.64,3.91
2014,California,38066920.0,6115244.0,35.6,2084564.0,61489.0,29906.0,16.06,5.48
2014,Colorado,5197580.0,663861.0,36.2,219241.0,59448.0,31674.0,12.77,4.22
2014,Connecticut,3592053.0,364740.0,40.3,186587.0,69899.0,38480.0,10.15,5.19
2014,Delaware,917060.0,107101.0,39.1,39819.0,60231.0,30191.0,11.68,4.34
2014,Florida,19361792.0,3159259.0,41.2,1024905.0,47212.0,26499.0,16.32,5.29
2014,Georgia,9907756.0,1781388.0,35.8,519291.0,49342.0,25427.0,17.98,5.24
2014,Hawaii,1392704.0,153752.0,38.2,46285.0,68201.0,29552.0,11.04,3.32
2014,Idaho,1599464.0,244618.0,35.2,61837.0,47334.0,23087.0,15.29,3.87
2014,Illinois,12868747.0,1810470.0,37.0,669561.0,57166.0,30019.0,14.07,5.2
2014,Indiana,6542411.0,983826.0,37.2,290469.0,48737.0,24953.0,15.04,4.44
2014,Iowa,3078116.0,373867.0,38.0,89414.0,52716.0,27621.0,12.15,2.9
2014,Kansas,2882946.0,386062.0,36.0,97951.0,51872.0,27367.0,13.39,3.4
2014,Kentucky,4383272.0,803866.0,38.3,192877.0,43342.0,23741.0,18.34,4.4
2014,Louisiana,4601049.0,874638.0,36.0,189644.0,44991.0,24775.0,19.01,4.12
2014,Maine,1328535.0,179878.0,43.5,51931.0,48804.0,27332.0,13.54,3.91
2014,Maryland,5887776.0,573383.0,38.1,257918.0,74149.0,36670.0,9.74,4.38
2014,Massachusetts,6657291.0,742784.0,39.3,309050.0,67846.0,36441.0,11.16,4.64
2014,Michigan,9889024.0,1633316.0,39.3,554747.0,49087.0,26143.0,16.52,5.61
2014,Minnesota,5383661.0,605761.0,37.6,192010.0,60828.0,31642.0,11.25,3.57
2014,Mississippi,2984345.0,653726.0,36.3,147210.0,39464.0,20956.0,21.91,4.93
2014,Missouri,6028076.0,912291.0,38.1,254534.0,47764.0,26006.0,15.13,4.22
2014,Montana,1006370.0,150096.0,39.8,35284.0,46766.0,25977.0,14.91,3.51
2014,Nebraska,1855617.0,231762.0,36.2,54785.0,52400.0,27339.0,12.49,2.95
2014,Nevada,2761584.0,423578.0,36.9,166167.0,52205.0,26515.0,15.34,6.02
2014,New Hampshire,1321069.0,113374.0,41.8,48029.0,65986.0,33821.0,8.58,3.64
2014,New Jersey,8874374.0,934665.0,39.3,453097.0,72062.0,36359.0,10.53,5.11
2014,New Mexico,2080085.0,426116.0,36.8,93106.0,44968.0,23948.0,20.49,4.48
2014,New York,19594330.0,2978521.0,38.1,893092.0,58687.0,32829.0,15.2,4.56
2014,North Carolina,9750405.0,1669147.0,37.8,505668.0,46693.0,25608.0,17.12,5.19
2014,North Dakota,704925.0,80865.0,35.9,12213.0,55579.0,30894.0,11.47,1.73
2014,Ohio,11560380.0,1790564.0,39.1,536573.0,48849.0,26520.0,15.49,4.64
2014,Oklahoma,3818851.0,625508.0,36.2,124804.0,46235.0,24695.0,16.38,3.27
2014,Oregon,3900343.0,638816.0,38.9,206222.0,50521.0,27173.0,16.38,5.29
2014,Pennsylvania,12758729.0,1667858.0,40.4,556468.0,53115.0,28912.0,13.07,4.36
2014,Rhode Island,1053252.0,143996.0,39.7,53761.0,56423.0,30765.0,13.67,5.1
2014,South Carolina,4727273.0,840141.0,38.3,242145.0,45033.0,24222.0,17.77,5.12
2014,South Dakota,834708.0,114444.0,36.8,21364.0,50338.0,26311.0,13.71,2.56
2014,Tennessee,6451365.0,1121344.0,38.3,296819.0,44621.0,24811.0,17.38,4.6
2014,Texas,26092033.0,4500034.0,33.9,982580.0,52576.0,26513.0,17.25,3.77
2014,Utah,2858111.0,358682.0,29.9,95738.0,59846.0,24312.0,12.55,3.35
2014,Vermont,626358.0,72044.0,42.2,21643.0,54447.0,29535.0,11.5,3.46
2014,Virginia,8185131.0,914237.0,37.6,293310.0,64792.0,33958.0,11.17,3.58
2014,Washington,6899123.0,916364.0,37.4,308955.0,60294.0,31233.0,13.28,4.48
2014,West Virginia,1853881.0,326225.0,41.6,67035.0,41576.0,23237.0,17.6,3.62
2014,Wisconsin,5724692.0,738557.0,38.8,221662.0,52738.0,27907.0,12.9,3.87
2014,Wyoming,575251.0,65271.0,36.8,15950.0,58252.0,29381.0,11.35,2.77
2015,Alabama,4830620.0,887260.0,38.4,207097.0,43623.0,24091.0,18.37,4.29
2015,Alaska,733375.0,72957.0,33.4,31285.0,72515.0,33413.0,9.95,4.27
2015,Arizona,6641928.0,1180690.0,36.8,275712.0,50255.0,25848.0,17.78,4.15
2015,Arkansas,2958208.0,553644.0,37.7,104943.0,41371.0,22798.0,18.72,3.55
2015,California,38421464.0,6135142.0,35.8,1891081.0,61818.0,30318.0,15.97,4.92
2015,Colorado,5278906.0,653969.0,36.3,195578.0,60629.0,32217.0,12.39,3.7
2015,Connecticut,3593222.0,366351.0,40.4,172292.0,70331.0,38803.0,10.2,4.79
2015,Delaware,926454.0,108315.0,39.3,36223.0,60509.0,30554.0,11.69,3.91
2015,Florida,19645772.0,3180109.0,41.4,915976.0,47507.0,26829.0,16.19,4.66
2015,Georgia,10006693.0,1788947.0,35.9,468932.0,49620.0,25737.0,17.88,4.69
2015,Hawaii,1406299.0,153944.0,38.0,42288.0,69515.0,29822.0,10.95,3.01
2015,Idaho,1616547.0,245177.0,35.5,55312.0,47583.0,23399.0,15.17,3.42
2015,Illinois,12873761.0,1801118.0,37.3,608516.0,57574.0,30494.0,13.99,4.73
2015,Indiana,6568645.0,978043.0,37.3,258739.0,49255.0,25346.0,14.89,3.94
2015,Iowa,3093526.0,373883.0,38.1,81735.0,53183.0,27950.0,12.09,2.64
2015,Kansas,2892987.0,381353.0,36.0,88454.0,52205.0,27706.0,13.18,3.06
2015,Kentucky,4397353.0,805841.0,38.5,174308.0,43740.0,24063.0,18.33,3.96
2015,Louisiana,4625253.0,888280.0,36.1,178150.0,45047.0,24981.0,19.21,3.85
2015,Maine,1329100.0,180278.0,43.8,47497.0,49331.0,27655.0,13.56,3.57
2015,Maryland,5930538.0,576805.0,38.2,238027.0,74551.0,36897.0,9.73,4.01
2015,Massachusetts,6705586.0,748905.0,39.3,280164.0,68563.0,36895.0,11.17,4.18
2015,Michigan,9900571.0,1616870.0,39.5,477746.0,49576.0,26607.0,16.33,4.83
2015,Minnesota,5419171.0,596662.0,37.7,167764.0,61492.0,32157.0,11.01,3.1
2015,Mississippi,2988081.0,651545.0,36.5,138445.0,39665.0,21057.0,21.8,4.63
2015,Missouri,6045448.0,915972.0,38.2,226528.0,48173.0,26259.0,15.15,3.75
2015,Montana,1014699.0,150586.0,39.7,32361.0,47169.0,26381.0,14.84,3.19
2015,Nebraska,1869365.0,231115.0,36.2,47602.0,52997.0,27882.0,12.36,2.55
2015,Nevada,2798636.0,426337.0,37.2,148467.0,51847.0,26541.0,15.23,5.3
2015,New Hampshire,1324201.0,113840.0,42.2,42733.0,66779.0,34362.0,8.6,3.23
2015,New Jersey,8904413.0,944847.0,39.4,413343.0,72093.0,36582.0,10.61,4.64
2015,New Mexico,2084117.0,429361.0,37.0,88924.0,44963.0,24012.0,20.6,4.27
2015,New York,19673174.0,3005943.0,38.1,829141.0,59269.0,33236.0,15.28,4.21
2015,North Carolina,9845333.0,1667465.0,38.0,453420.0,46868.0,25920.0,16.94,4.61
2015,North Dakota,721640.0,79758.0,35.4,11464.0,57181.0,32035.0,11.05,1.59
2015,Ohio,11575977.0,1775836.0,39.2,477251.0,49429.0,26953.0,15.34,4.12
2015,Oklahoma,3849733.0,624043.0,36.2,115978.0,46879.0,25032.0,16.21,3.01
2015,Oregon,3939233.0,636947.0,39.1,184016.0,51243.0,27684.0,16.17,4.67
2015,Pennsylvania,12779559.0,1666569.0,40.5,514993.0,53599.0,29291.0,13.04,4.03
2015,Rhode Island,1053661.0,144223.0,39.7,48418.0,56852.0,31118.0,13.69,4.6
2015,South Carolina,4777576.0,830901.0,38.6,217977.0,45483.0,24604.0,17.39,4.56
2015,South Dakota,843190.0,114907.0,36.8,20220.0,50957.0,26747.0,13.63,2.4
2015,Tennessee,6499615.0,1117594.0,38.4,266297.0,45219.0,25227.0,17.19,4.1
2015,Texas,26538614.0,4472451.0,34.1,912068.0,53207.0,26999.0,16.85,3.44
2015,Utah,2903379.0,351601.0,30.1,81870.0,60727.0,24686.0,12.11,2.82
2015,Vermont,626604.0,69233.0,42.4,18957.0,55176.0,29894.0,11.05,3.03
2015,Virginia,8256630.0,921822.0,37.6,276030.0,65015.0,34152.0,11.16,3.34
2015,Washington,6985464.0,908512.0,37.4,277806.0,61062.0,31762.0,13.01,3.98
2015,West Virginia,1851420.0,323384.0,41.8,63341.0,41751.0,23450.0,17.47,3.42
2015,Wisconsin,5742117.0,724348.0,39.0,193763.0,53357.0,28340.0,12.61,3.37
2015,Wyoming,579679.0,64995.0,36.8,15002.0,58840.0,29803.0,11.21,2.59
2016,Alabama,4841164.0,868666.0,38.6,184479.0,44758.0,24736.0,17.94,3.81
2016,Alaska,736855.0,72826.0,33.6,30139.0,74444.0,34191.0,9.88,4.09
2016,Arizona,6728577.0,1165636.0,37.1,249972.0,51340.0,26686.0,17.32,3.72
2016,Arkansas,2968472.0,542431.0,37.7,93190.0,42336.0,23401.0,18.27,3.14
2016,California,38654206.0,6004257.0,36.0,1683726.0,63783.0,31458.0,15.53,4.36
2016,Colorado,5359295.0,637938.0,36.4,171695.0,62520.0,33230.0,11.9,3.2
2016,Connecticut,3588570.0,360464.0,40.6,155005.0,71755.0,39906.0,10.04,4.32
2016,Delaware,934695.0,109448.0,39.6,33669.0,61017.0,31118.0,11.71,3.6
2016,Florida,19934451.0,3139258.0,41.6,802016.0,48900.0,27598.0,15.75,4.02
2016,Georgia,10099320.0,1746894.0,36.2,419113.0,51037.0,26678.0,17.3,4.15
2016,Hawaii,1413673.0,148577.0,38.5,38768.0,71977.0,30970.0,10.51,2.74
2016,Idaho,1635483.0,244585.0,35.7,48385.0,49174.0,24280.0,14.95,2.96
2016,Illinois,12851684.0,1753731.0,37.4,545635.0,59196.0,31502.0,13.65,4.25
2016,Indiana,6589578.0,957694.0,37.4,228929.0,50433.0,26117.0,14.53,3.47
2016,Iowa,3106589.0,369828.0,38.0,75289.0,54570.0,28872.0,11.9,2.42
2016,Kansas,2898292.0,373162.0,36.2,79000.0,53571.0,28478.0,12.88,2.73
2016,Kentucky,4411989.0,804139.0,38.6,156509.0,44811.0,24802.0,18.23,3.55
2016,Louisiana,4645670.0,889570.0,36.2,168326.0,45652.0,25515.0,19.15,3.62
2016,Maine,1329923.0,174405.0,44.0,41620.0,50826.0,28473.0,13.11,3.13
2016,Maryland,5959902.0,576835.0,38.3,216086.0,76067.0,37756.0,9.68,3.63
2016,Massachusetts,6742143.0,740836.0,39.4,252347.0,70954.0,38069.0,10.99,3.74
2016,Michigan,9909600.0,1575066.0,39.5,412934.0,50803.0,27549.0,15.89,4.17
2016,Minnesota,5450868.0,577196.0,37.8,145853.0,63217.0,33225.0,10.59,2.68
2016,Mississippi,2989192.0,645553.0,36.7,128840.0,40528.0,21651.0,21.6,4.31
2016,Missouri,6059651.0,897755.0,38.3,200143.0,49593.0,27044.0,14.82,3.3
2016,Montana,1023391.0,148677.0,39.8,29382.0,48380.0,27309.0,14.53,2.87
2016,Nebraska,1881259.0,227021.0,36.2,42544.0,54384.0,28596.0,12.07,2.26
2016,Nevada,2839172.0,417257.0,37.5,133525.0,53094.0,27253.0,14.7,4.7
2016,New Hampshire,1327503.0,109690.0,42.4,37727.0,68485.0,35264.0,8.26,2.84
2016,New Jersey,8915456.0,949341.0,39.5,368870.0,73702.0,37538.0,10.65,4.14
2016,New Mexico,2082669.0,426814.0,37.2,81175.0,45674.0,24459.0,20.49,3.9
2016,New York,19697457.0,2967564.0,38.2,759224.0,60741.0,34212.0,15.07,3.85
2016,North Carolina,9940828.0,1631704.0,38.3,404584.0,48256.0,26779.0,16.41,4.07
2016,North Dakota,736162.0,79314.0,35.2,11250.0,59114.0,33107.0,10.77,1.53
2016,Ohio,11586941.0,1732839.0,39.3,423956.0,50674.0,27800.0,14.96,3.66
2016,Oklahoma,3875589.0,621155.0,36.2,110120.0,48038.0,25628.0,16.03,2.84
2016,Oregon,3982267.0,614223.0,39.1,160797.0,53270.0,28822.0,15.42,4.04
2016,Pennsylvania,12783977.0,1647762.0,40.6,468440.0,54895.0,30137.0,12.89,3.66
2016,Rhode Island,1054491.0,140161.0,39.9,43600.0,58387.0,31904.0,13.29,4.13
2016,South Carolina,4834605.0,806422.0,38.8,194454.0,46898.0,25521.0,16.68,4.02
2016,South Dakota,851058.0,115300.0,36.8,18636.0,52078.0,27516.0,13.55,2.19
2016,Tennessee,6548009.0,1100169.0,38.5,238372.0,46574.0,26019.0,16.8,3.64
2016,Texas,26956435.0,4397307.0,34.2,848131.0,54727.0,27828.0,16.31,3.15
2016,Utah,2948427.0,338808.0,30.3,73114.0,62518.0,25600.0,11.49,2.48
2016,Vermont,626249.0,69673.0,42.6,17087.0,56104.0,30663.0,11.13,2.73
2016,Virginia,8310301.0,921664.0,37.8,255340.0,66149.0,34967.0,11.09,3.07
2016,Washington,7073146.0,883256.0,37.6,244692.0,62848.0,32999.0,12.49,3.46
2016,West Virginia,1846092.0,318060.0,41.9,61215.0,42644.0,24002.0,17.23,3.32
2016,Wisconsin,5754798.0,713472.0,39.1,169426.0,54610.0,29253.0,12.4,2.94
2016,Wyoming,583029.0,65762.0,36.8,15118.0,59143.0,30139.0,11.28,2.59
2017,Alabama,4850771.0,849699.0,38.7,165391.0,46472.0,25746.0,17.52,3.41
2017,Alaska,738565.0,73380.0,33.9,29548.0,76114.0,35065.0,9.94,4.0
2017,Arizona,6809946.0,1128046.0,37.2,225911.0,53510.0,27964.0,16.56,3.32
2017,Arkansas,2977944.0,524211.0,37.9,85128.0,43813.0,24426.0,17.6,2.86
2017,California,38982847.0,5773408.0,36.1,1491146.0,67169.0,33128.0,14.81,3.83
2017,Colorado,5436519.0,612143.0,36.5,152856.0,65458.0,34845.0,11.26,2.81
2017,Connecticut,3594478.0,350783.0,40.8,140712.0,73781.0,41365.0,9.76,3.91
2017,Delaware,943732.0,111304.0,39.8,30245.0,63036.0,32625.0,11.79,3.2
2017,Florida,20278447.0,3070972.0,41.8,699117.0,50883.0,28774.0,15.14,3.45
2017,Georgia,10201635.0,1679030.0,36.4,372581.0,52977.0,28015.0,16.46,3.65
2017,Hawaii,1421658.0,143148.0,38.8,34380.0,74923.0,32511.0,10.07,2.42
2017,Idaho,1657375.0,236000.0,35.9,42328.0,50985.0,25471.0,14.24,2.55
2017,Illinois,12854526.0,1698613.0,37.7,491310.0,61229.0,32924.0,13.21,3.82
2017,Indiana,6614418.0,933540.0,37.5,202199.0,52182.0,27305.0,14.11,3.06
2017,Iowa,3118102.0,361343.0,38.1,69018.0,56570.0,30063.0,11.59,2.21
2017,Kansas,2903820.0,361285.0,36.3,71009.0,55477.0,29600.0,12.44,2.45
2017,Kentucky,4424376.0,783586.0,38.6,140717.0,46535.0,25888.0,17.71,3.18
2017,Louisiana,4663461.0,887574.0,36.4,157186.0,46710.0,26205.0,19.03,3.37
2017,Maine,1330158.0,166904.0,44.3,36790.0,53024.0,29886.0,12.55,2.77
2017,Maryland,5996079.0,566966.0,38.5,198375.0,78916.0,39070.0,9.46,3.31
2017,Massachusetts,6789319.0,727546.0,39.4,224856.0,74167.0,39913.0,10.72,3.31
2017,Michigan,9925568.0,1510841.0,39.6,361624.0,52668.0,28938.0,15.22,3.64
2017,Minnesota,5490726.0,560995.0,37.9,130510.0,65699.0,34712.0,10.22,2.38
2017,Mississippi,2986220.0,620007.0,36.9,117786.0,42009.0,22500.0,20.76,3.94
2017,Missouri,6075300.0,861679.0,38.4,175919.0,51542.0,28282.0,14.18,2.9
2017,Montana,1029862.0,144198.0,39.8,25076.0,50801.0,28706.0,14.0,2.43
2017,Nebraska,1893921.0,220330.0,36.3,38881.0,56675.0,29866.0,11.63,2.05
2017,Nevada,2887725.0,405263.0,37.7,116285.0,55434.0,28450.0,14.03,4.03
2017,New Hampshire,1331848.0,104470.0,42.7,33566.0,71305.0,36914.0,7.84,2.52
2017,New Jersey,8960161.0,938252.0,39.6,328167.0,76475.0,39069.0,10.47,3.66
2017,New Mexico,2084828.0,420293.0,37.3,73710.0,46718.0,25257.0,20.16,3.54
2017,New York,19798228.0,2908471.0,38.4,685368.0,62765.0,35752.0,14.69,3.46
2017,North Carolina,10052564.0,1579871.0,38.4,352287.0,50320.0,28123.0,15.72,3.5
2017,North Dakota,745475.0,79374.0,35.1,11085.0,61285.0,34256.0,10.65,1.49
2017,Ohio,11609756.0,1683890.0,39.3,378735.0,52407.0,29011.0,14.5,3.26
2017,Oklahoma,3896251.0,612714.0,36.3,105375.0,49767.0,26461.0,15.73,2.7
2017,Oregon,4025127.0,587248.0,39.2,138139.0,56119.0,30410.0,14.59,3.43
2017,Pennsylvania,12790505.0,1623537.0,40.7,422016.0,56951.0,31476.0,12.69,3.3
2017,Rhode Island,1056138.0,136126.0,39.9,38634.0,61043.0,33315.0,12.89,3.66
2017,South Carolina,4893444.0,790657.0,39.0,170257.0,48781.0,26645.0,16.16,3.48
2017,South Dakota,855444.0,114885.0,36.8,17018.0,54126.0,28761.0,13.43,1.99
2017,Tennessee,6597381.0,1072360.0,38.6,210756.0,48708.0,27277.0,16.25,3.19
2017,Texas,27419612.0,4291384.0,34.3,784888.0,57051.0,28985.0,15.65,2.86
2017,Utah,2993941.0,324856.0,30.5,64314.0,65325.0,26907.0,10.85,2.15
2017,Vermont,624636.0,68144.0,42.8,14969.0,57808.0,31917.0,10.91,2.4
2017,Virginia,8365952.0,906838.0,38.0,236648.0,68766.0,36268.0,10.84,2.83
2017,Washington,7169967.0,859950.0,37.6,218821.0,66174.0,34869.0,11.99,3.05
2017,West Virginia,1836843.0,317089.0,42.2,57659.0,44061.0,24774.0,17.26,3.14
2017,Wisconsin,5763217.0,692719.0,39.2,145271.0,56759.0,30557.0,12.02,2.52
2017,Wyoming,583200.0,63398.0,37.0,14459.0,60938.0,31214.0,10.87,2.48
2018,Alabama,4864680.0,829400.0,38.9,147898.0,48486.0,26846.0,17.05,3.04
2018,Alaska,738516.0,77865.0,34.0,28067.0,76715.0,35874.0,10.54,3.8
2018,Arizona,6946685.0,1092192.0,37.4,210214.0,56213.0,29265.0,15.72,3.03
2018,Arkansas,2990671.0,510337.0,37.9,75774.0,45726.0,25635.0,17.06,2.53
2018,California,39148760.0,5487141.0,36.3,1321502.0,71228.0,35021.0,14.02,3.38
2018,Colorado,5531141.0,590504.0,36.6,139326.0,68811.0,36415.0,10.68,2.52
2018,Connecticut,3581504.0,348449.0,40.8,125909.0,76106.0,43056.0,9.73,3.52
2018,Delaware,949495.0,109798.0,40.2,28501.0,65627.0,33989.0,11.56,3.0
2018,Florida,20598139.0,2983851.0,41.9,622978.0,53267.0,30197.0,14.49,3.02
2018,Georgia,10297484.0,1607714.0,36.5,322854.0,55679.0,29523.0,15.61,3.14
2018,Hawaii,1422029.0,137516.0,38.9,32036.0,78084.0,34035.0,9.67,2.25
2018,Idaho,1687809.0,228882.0,36.1,37672.0,53089.0,26772.0,13.56,2.23
2018,Illinois,12821497.0,1635603.0,37.9,437139.0,63575.0,34463.0,12.76,3.41
2018,Indiana,6637426.0,908359.0,37.6,180969.0,54325.0,28461.0,13.69,2.73
2018,Iowa,3132499.0,353634.0,38.1,65216.0,58580.0,31085.0,11.29,2.08
2018,Kansas,2908776.0,350280.0,36.5,65038.0,57422.0,30757.0,12.04,2.24
2018,Kentucky,4440204.0,772080.0,38.7,128358.0,48392.0,26948.0,17.39,2.89
2018,Louisiana,4663616.0,878394.0,36.6,149850.0,47942.0,27027.0,18.84,3.21
2018,Maine,1332813.0,161743.0,44.6,32203.0,55425.0,31253.0,12.14,2.42
2018,Maryland,6003435.0,553496.0,38.6,181089.0,81868.0,40517.0,9.22,3.02
2018,Massachusetts,6830193.0,710305.0,39.4,203464.0,77378.0,41794.0,10.4,2.98
2018,Michigan,9957488.0,1457008.0,39.7,321008.0,54938.0,30336.0,14.63,3.22
2018,Minnesota,5527358.0,547442.0,37.9,119218.0,68411.0,36245.0,9.9,2.16
2018,Mississippi,2988762.0,599795.0,37.2,110036.0,43567.0,23434.0,20.07,3.68
2018,Missouri,6090062.0,837930.0,38.5,155958.0,53560.0,29537.0,13.76,2.56
2018,Montana,1041732.0,139063.0,39.8,22433.0,52559.0,29765.0,13.35,2.15
2018,Nebraska,1904760.0,213790.0,36.4,36545.0,59116.0,31101.0,11.22,1.92
2018,Nevada,2922849.0,393431.0,37.9,101748.0,57598.0,29961.0,13.46,3.48
2018,New Hampshire,1343622.0,102352.0,42.7,30392.0,74057.0,38548.0,7.62,2.26
2018,New Jersey,8881845.0,904132.0,39.8,285084.0,79363.0,40895.0,10.18,3.21
2018,New Mexico,2092434.0,410389.0,37.5,68370.0,48059.0,26085.0,19.61,3.27
2018,New York,19618453.0,2797985.0,38.7,602636.0,65323.0,37470.0,14.26,3.07
2018,North Carolina,10155624.0,1523949.0,38.6,312610.0,52413.0,29456.0,15.01,3.08
2018,North Dakota,752201.0,79270.0,35.1,11689.0,63473.0,35373.0,10.54,1.55
2018,Ohio,11641879.0,1645986.0,39.3,343232.0,54533.0,30304.0,14.14,2.95
2018,Oklahoma,3918137.0,607810.0,36.4,99087.0,51424.0,27432.0,15.51,2.53
2018,Oregon,4081943.0,565247.0,39.2,123485.0,59393.0,32045.0,13.85,3.03
2018,Pennsylvania,12791181.0,1578949.0,40.7,379765.0,59445.0,32889.0,12.34,2.97
2018,Rhode Island,1056611.0,133055.0,39.9,34479.0,63296.0,34619.0,12.59,3.26
2018,South Carolina,4955925.0,770632.0,39.2,153242.0,51015.0,27986.0,15.55,3.09
2018,South Dakota,864289.0,113144.0,36.8,16252.0,56499.0,29801.0,13.09,1.88
2018,Tennessee,6651089.0,1046508.0,38.7,191544.0,50972.0,28511.0,15.73,2.88
2018,Texas,27885195.0,4213938.0,34.4,743006.0,59570.0,30143.0,15.11,2.66
2018,Utah,3045350.0,309904.0,30.7,58958.0,68374.0,28239.0,10.18,1.94
2018,Vermont,624977.0,67034.0,42.9,13878.0,60076.0,33238.0,10.73,2.22
2018,Virginia,8413774.0,893580.0,38.1,217670.0,71564.0,37763.0,10.62,2.59
2018,Washington,7294336.0,821621.0,37.6,198330.0,70116.0,36888.0,11.26,2.72
2018,West Virginia,1829054.0,315464.0,42.4,53750.0,44921.0,25479.0,17.25,2.94
2018,Wisconsin,5778394.0,668220.0,39.3,124792.0,59209.0,32018.0,11.56,2.16
2018,Wyoming,581836.0,63311.0,37.3,13685.0,62268.0,32295.0,10.88,2.35
2019,Alabama,4876250.0,795989.0,39.0,132095.0,50536.0,27928.0,16.32,2.71
2019,Alaska,737068.0,76933.0,34.3,26808.0,77640.0,36787.0,10.44,3.64
2019,Arizona,7050299.0,1043764.0,37.7,195905.0,58945.0,30694.0,14.8,2.78
2019,Arkansas,2999370.0,496260.0,38.1,70481.0,47597.0,26577.0,16.55,2.35
2019,California,39283497.0,5149742.0,36.5,1199233.0,75235.0,36955.0,13.11,3.05
2019,Colorado,5610349.0,565873.0,36.7,131371.0,72331.0,38226.0,10.09,2.34
2019,Connecticut,3575074.0,344146.0,41.0,116456.0,78444.0,44496.0,9.63,3.26
2019,Delaware,957248.0,109400.0,40.6,26481.0,68287.0,35450.0,11.43,2.77
2019,Florida,20901636.0,2870487.0,42.0,561448.0,55660.0,31619.0,13.73,2.69
2019,Georgia,10403847.0,1528558.0,36.7,290560.0,58700.0,31067.0,14.69,2.79
2019,Hawaii,1422094.0,130649.0,39.1,30269.0,81275.0,35567.0,9.19,2.13
2019,Idaho,1717750.0,221256.0,36.4,35879.0,55785.0,27970.0,12.88,2.09
2019,Illinois,12770631.0,1557873.0,38.1,394981.0,65886.0,36038.0,12.2,3.09
2019,Indiana,6665703.0,867996.0,37.7,161351.0,56303.0,29777.0,13.02,2.42
2019,Iowa,3139508.0,348122.0,38.2,62573.0,60523.0,32176.0,11.09,1.99
2019,Kansas,2910652.0,337739.0,36.7,61002.0,59597.0,31814.0,11.6,2.1
2019,Kentucky,4449052.0,747010.0,38.9,116945.0,50589.0,28178.0,16.79,2.63
2019,Louisiana,4664362.0,871467.0,36.9,141020.0,49469.0,27923.0,18.68,3.02
2019,Maine,1335492.0,153131.0,44.7,28922.0,57918.0,32637.0,11.47,2.17
2019,Maryland,6018848.0,539991.0,38.7,164396.0,84805.0,42122.0,8.97,2.73
2019,Massachusetts,6850553.0,680962.0,39.5,183355.0,81215.0,43761.0,9.94,2.68
2019,Michigan,9965265.0,1398527.0,39.7,293894.0,57144.0,31713.0,14.03,2.95
2019,Minnesota,5563378.0,526065.0,38.0,111115.0,71306.0,37625.0,9.46,2.0
2019,Mississippi,2984418.0,585786.0,37.5,99733.0,45081.0,24369.0,19.63,3.34
2019,Missouri,6104910.0,810045.0,38.6,139789.0,55461.0,30810.0,13.27,2.29
2019,Montana,1050649.0,134605.0,39.9,21513.0,54970.0,31151.0,12.81,2.05
2019,Nebraska,1914571.0,206579.0,36.5,34535.0,61439.0,32302.0,10.79,1.8
2019,Nevada,2972382.0,384690.0,38.0,92426.0,60365.0,31557.0,12.94,3.11
2019,New Hampshire,1348124.0,98682.0,42.9,27430.0,76768.0,40003.0,7.32,2.03
2019,New Jersey,8878503.0,869081.0,39.9,258093.0,82545.0,42745.0,9.79,2.91
2019,New Mexico,2092454.0,392065.0,37.8,63458.0,49754.0,27230.0,18.74,3.03
2019,New York,19572319.0,2681277.0,38.8,547509.0,68486.0,39326.0,13.7,2.8
2019,North Carolina,10264876.0,1467591.0,38.7,281344.0,54602.0,30783.0,14.3,2.74
2019,North Dakota,756717.0,78198.0,35.1,11406.0,64894.0,36062.0,10.33,1.51
2019,Ohio,11655397.0,1588343.0,39.4,314483.0,56602.0,31552.0,13.63,2.7
2019,Oklahoma,3932870.0,598373.0,36.6,94834.0,52919.0,28422.0,15.21,2.41
2019,Oregon,4129803.0,533527.0,39.3,114559.0,62818.0,33763.0,12.92,2.77
2019,Pennsylvania,12791530.0,1539183.0,40.8,347378.0,61744.0,34352.0,12.03,2.72
2019,Rhode Island,1057231.0,125826.0,39.9,30455.0,67167.0,36121.0,11.9,2.88
2019,South Carolina,5020806.0,741650.0,39.4,139526.0,53199.0,29426.0,14.77,2.78
2019,South Dakota,870638.0,110553.0,37.0,15736.0,58275.0,30773.0,12.7,1.81
2019,Tennessee,6709356.0,996930.0,38.7,172799.0,53320.0,29859.0,14.86,2.58
2019,Texas,28260856.0,4072194.0,34.6,708827.0,61874.0,31277.0,14.41,2.51
2019,Utah,3096848.0,298537.0,30.8,55539.0,71621.0,29775.0,9.64,1.79
2019,Vermont,624313.0,65652.0,42.9,12323.0,61973.0,34577.0,10.52,1.97
2019,Virginia,8454463.0,865691.0,38.2,200850.0,74222.0,39278.0,10.24,2.38
2019,Washington,7404107.0,785244.0,37.7,187330.0,73775.0,38915.0,10.61,2.53
2019,West Virginia,1817305.0,310044.0,42.5,51910.0,46711.0,26480.0,17.06,2.86
2019,Wisconsin,5790716.0,639160.0,39.5,111564.0,61747.0,33375.0,11.04,1.93
2019,Wyoming,581024.0,62257.0,37.7,13544.0,64049.0,33366.0,10.72,2.33
2020,Alabama,4893186.0,762642.0,39.2,125343.0,52035.0,28934.0,15.59,2.56
2020,Alaska,736990.0,74369.0,34.6,26429.0,77790.0,37094.0,10.09,3.59
2020,Arizona,7174064.0,990528.0,37.9,199358.0,61529.0,32340.0,13.81,2.78
2020,Arkansas,3011873.0,470190.0,38.3,71704.0,49475.0,27724.0,15.61,2.38
2020,California,39346023.0,4853434.0,36.7,1229079.0,78672.0,38576.0,12.34,3.12
2020,Colorado,5684926.0,544232.0,36.9,142722.0,75231.0,39545.0,9.57,2.51
2020,Connecticut,3570549.0,339156.0,41.1,116234.0,79855.0,45668.0,9.5,3.26
2020,Delaware,967679.0,107641.0,41.0,28334.0,69110.0,36574.0,11.12,2.93
2020,Florida,21216924.0,2772939.0,42.2,556113.0,57703.0,32848.0,13.07,2.62
2020,Georgia,10516579.0,1461572.0,36.9,291506.0,61224.0,32427.0,13.9,2.77
2020,Hawaii,1420074.0,127971.0,39.4,32187.0,83173.0,37013.0,9.01,2.27
2020,Idaho,1754367.0,205676.0,36.6,35955.0,58915.0,29494.0,11.72,2.05
2020,Illinois,12716164.0,1488670.0,38.3,395142.0,68428.0,37306.0,11.71,3.11
2020,Indiana,6696893.0,838149.0,37.8,159865.0,58235.0,30693.0,12.52,2.39
2020,Iowa,3150011.0,339090.0,38.3,65738.0,61836.0,33021.0,10.76,2.09
2020,Kansas,2912619.0,323644.0,36.9,61359.0,61091.0,32798.0,11.11,2.11
2020,Kentucky,4461952.0,717895.0,39.0,113295.0,52238.0,29123.0,16.09,2.54
2020,Louisiana,4664616.0,845230.0,37.2,142088.0,50800.0,29522.0,18.12,3.05
2020,Maine,1340825.0,144384.0,44.8,28442.0,59489.0,33774.0,10.77,2.12
2020,Maryland,6037624.0,531553.0,38.8,167571.0,87063.0,43352.0,8.8,2.78
2020,Massachusetts,6873003.0,653454.0,39.6,193769.0,84385.0,45555.0,9.51,2.82
2020,Michigan,9973907.0,1337256.0,39.8,298142.0,59234.0,32854.0,13.41,2.99
2020,Minnesota,5600166.0,511185.0,38.1,117117.0,73382.0,38881.0,9.13,2.09
2020,Mississippi,2981835.0,564439.0,37.7,95379.0,46511.0,25444.0,18.93,3.2
2020,Missouri,6124160.0,772992.0,38.7,138673.0,57290.0,31839.0,12.62,2.26
2020,Montana,1061705.0,132476.0,40.1,22541.0,56539.0,32463.0,12.48,2.12
2020,Nebraska,1923826.0,193820.0,36.6,35114.0,63015.0,33205.0,10.07,1.83
2020,Nevada,3030281.0,381695.0,38.2,100222.0,62043.0,32629.0,12.6,3.31
2020,New Hampshire,1355244.0,97418.0,43.0,28479.0,77923.0,41234.0,7.19,2.1
2020,New Jersey,8885418.0,842704.0,40.0,271795.0,85245.0,44153.0,9.48,3.06
2020,New Mexico,2097021.0,381026.0,38.1,62580.0,51243.0,27945.0,18.17,2.98
2020,New York,19514849.0,2581048.0,39.0,570570.0,71117.0,40898.0,13.23,2.92
2020,North Carolina,10386227.0,1411939.0,38.9,278344.0,56642.0,31993.0,13.59,2.68
2020,North Dakota,760394.0,77491.0,35.2,12861.0,65315.0,36289.0,10.19,1.69
2020,Ohio,11675275.0,1546011.0,39.5,313829.0,58116.0,32465.0,13.24,2.69
2020,Oklahoma,3949342.0,585520.0,36.7,95441.0,53840.0,29873.0,14.83,2.42
2020,Oregon,4176346.0,506558.0,39.5,116297.0,65667.0,35393.0,12.13,2.78
2020,Pennsylvania,12794885.0,1480430.0,40.9,351248.0,63627.0,35518.0,11.57,2.75
2020,Rhode Island,1057798.0,117785.0,40.0,31263.0,70305.0,37504.0,11.13,2.96
2020,South Carolina,5091517.0,726470.0,39.7,135484.0,54864.0,30727.0,14.27,2.66
2020,South Dakota,879336.0,108863.0,37.2,16281.0,59896.0,31415.0,12.38,1.85
2020,Tennessee,6772268.0,965213.0,38.8,177361.0,54833.0,30869.0,14.25,2.62
2020,Texas,28635442.0,3984260.0,34.8,752884.0,63826.0,32177.0,13.91,2.63
2020,Utah,3151239.0,283360.0,31.1,57829.0,74197.0,30986.0,8.99,1.84
2020,Vermont,624340.0,64700.0,42.8,12845.0,63477.0,35854.0,10.36,2.06
2020,Virginia,8509358.0,826708.0,38.4,202745.0,76398.0,41255.0,9.72,2.38
2020,Washington,7512465.0,751044.0,37.8,188562.0,77006.0,40837.0,10.0,2.51
2020,West Virginia,1807426.0,300152.0,42.7,52031.0,48037.0,27346.0,16.61,2.88
2020,Wisconsin,5806975.0,620947.0,39.6,109854.0,63293.0,34450.0,10.69,1.89
2020,Wyoming,581348.0,61006.0,38.0,13222.0,65304.0,34415.0,10.49,2.27
